"Name","Email","Mobile Number","Age"
"John Doe","john@example.com","1234567890","28"
"Jane Smith","jane@example.com","0987654321","34"
"John Doe","john@example.com","1234567890","28"
"Emily Davis","emily@example.com","2345678901","22"
"Michael Brown","michael@example.com","3456789012","30"
"Jane Smith","jane@example.com","0987654321","34"
"Sarah Wilson","sarah@example.com","4567890123","26"
"David Johnson","david@example.com","5678901234","45"
"Emily Davis","emily@example.com","2345678901","22"
"John Doe","john@example.com","1234567890","28"
"Jessica White","jessica@example.com","6789012345","29"
"Michael Brown","michael@example.com","3456789012","30"
"Sarah Wilson","sarah@example.com","4567890123","26"
"David Johnson","david@example.com","5678901234","45"
"Jessica White","jessica@example.com","6789012345","29"
"John Doe","john@example.com","1234567890","28"
"Jane Smith","jane@example.com","0987654321","34"
"Emily Davis","emily@example.com","2345678901","22"
"Michael Brown","michael@example.com","3456789012","30"
"Sarah Wilson","sarah@example.com","4567890123","26"
"David Johnson","david@example.com","5678901234","45"
"Jessica White","jessica@example.com","6789012345","29"
"John Doe","john@example.com","1234567890","28"
"Jane Smith","jane@example.com","0987654321","34"
"Emily Davis","emily@example.com","2345678901","22"
"Michael Brown","michael@example.com","3456789012","30"
"Sarah Wilson","sarah@example.com","4567890123","26"
"David Johnson","david@example.com","5678901234","45"
"Jessica White","jessica@example.com","6789012345","29"
"John Doe","john@example.com","1234567890","28"
"Jane Smith","jane@example.com","0987654321","34"
"Emily Davis","emily@example.com","2345678901","22"
"Michael Brown","michael@example.com","3456789012","30"
"Sarah Wilson","sarah@example.com","4567890123","26"
"David Johnson","david@example.com","5678901234","45"
"Jessica White","jessica@example.com","6789012345","29"
"John Doe","john@example.com","1234567890","28"
"Jane Smith","jane@example.com","0987654321","34"
"Emily Davis","emily@example.com","2345678901","22"
"Michael Brown","michael@example.com","3456789012","30"
"Sarah Wilson","sarah@example.com","4567890123","26"
"David Johnson","david@example.com","5678901234","45"
"Jessica White","jessica@example.com","6789012345","29"
"John Doe","john@example.com","1234567890","28"
"Jane Smith","jane@example.com","0987654321","34"
"Emily Davis","emily@example.com","234567"
