"Id","Name","Department","Age"
"1","Alice Johnson","Computer Science","20"
"2","Bob Smith","Mathematics","21"
"3","Charlie Brown","Physics","22"
"4","David Wilson","Chemistry","19"
"5","Eva Adams","Biology","20"
"6","Frank Miller","Computer Science","21"
"7","Grace Lee","Mathematics","22"
"8","Henry Garcia","Physics","20"
"9","Isabella Martinez","Chemistry","19"
"10","Jack Thompson","Biology","21"
"11","Kevin White","Computer Science","22"
"12","Laura Harris","Mathematics","20"
"13","Michael Clark","Physics","21"
"14","Nancy Lewis","Chemistry","19"
"15","Oliver Walker","Biology","20"
"16","Patricia Hall","Computer Science","21"
"17","Quentin Young","Mathematics","22"
"18","Rachel King","Physics","20"
"19","Samuel Wright","Chemistry","19"
"20","Tina Scott","Biology","21"
"21","Uma Roberts","Computer Science","22"
"22","Victor Turner","Mathematics","20"
"23","Wendy Carter","Physics","21"
"24","Xavier Phillips","Chemistry","19"
"25","Yara Evans","Biology","20"
"26","Zachary Green","Computer Science","21"
"27","Amelia Adams","Mathematics","22"
"28","Benjamin Nelson","Physics","20"
"29","Chloe Mitchell","Chemistry","19"
"30","Daniel Perez","Biology","21"
"31","Emma Roberts","Computer Science","22"
"32","Fiona White","Mathematics","20"
"33","George Hall","Physics","21"
"34","Hannah Lee","Chemistry","19"
"35","Ian Scott","Biology","20"
"36","Jessica Young","Computer Science","21"
"37","Kevin Thompson","Mathematics","22"
"38","Lily Johnson","Physics","20"
"39","Mason Brown","Chemistry","19"
"40","Nora Harris","Biology","21"
"41","Owen Lewis","Computer Science","22"
"42","Penny Walker","Mathematics","20"
"43","Quinn Garcia","Physics","21"
"44","Ryan Wilson","Chemistry","19"
"45","Sophia Martinez","Biology","20"
"46","Thomas Clark","Computer Science","21"
"47","Uma Adams","Mathematics","22"
"48","Victor Young","Physics","20"
"49","Willow Scott","Chemistry","19"
"50","Xavier Brown","Biology","21"
